,instrument_token,tradingsymbol
0,1009,CPSE INDEX
1,1034,HANGSENG BEES-NAV
2,1035,INDIA VIX
3,1008,LIX 15
4,1010,NI15
5,1018,NIFTY 100
6,1033,NIFTY 200
7,1001,NIFTY 50
8,1047,NIFTY 500
9,1039,NIFTY ALPHA 50
10,1029,NIFTY AUTO
11,1016,NIFTY BANK
12,1005,NIFTY COMMODITIES
13,1006,NIFTY CONSUMPTION
14,1048,NIFTY CPSE
15,1004,NIFTY DIV OPPS 50
16,1022,NIFTY ENERGY
17,1007,NIFTY FIN SERVICE
18,1023,NIFTY FMCG
19,1056,NIFTY GROWSECT 15
20,1051,NIFTY GS 10YR
21,1052,NIFTY GS 10YR CLN
22,1053,NIFTY GS 11 15YR
23,1054,NIFTY GS 15YRPLUS
24,1049,NIFTY GS 4 8YR
25,1050,NIFTY GS 8 13YR
26,1055,NIFTY GS COMPSITE
27,1021,NIFTY INFRA
28,1015,NIFTY IT
29,1031,NIFTY MEDIA
30,1030,NIFTY METAL
31,1057,NIFTY MID LIQ 15
32,1003,NIFTY MIDCAP 100
33,1040,NIFTY MIDCAP 150
34,1019,NIFTY MIDCAP 50
35,1041,NIFTY MIDSML 400
36,1024,NIFTY MNC
37,1058,NIFTY NEXT 50
38,1025,NIFTY PHARMA
39,1026,NIFTY PSE
40,1027,NIFTY PSU BANK
41,1059,NIFTY PVT BANK
42,1020,NIFTY REALTY
43,1028,NIFTY SERV SECTOR
44,1043,NIFTY SMLCAP 100
45,1044,NIFTY SMLCAP 250
46,1042,NIFTY SMLCAP 50
47,1062,NIFTY100 EQL WGT
48,1046,NIFTY100 LIQ 15
49,1063,NIFTY100 LOWVOL30
50,1064,NIFTY100 QUALTY30
51,1038,NIFTY200 QUALTY30
52,1036,NIFTY50 DIV POINT
53,1061,NIFTY50 EQL WGT
54,1012,NIFTY50 PR 1X INV
55,1011,NIFTY50 PR 2X LEV
56,1014,NIFTY50 TR 1X INV
57,1013,NIFTY50 TR 2X LEV
58,1045,NIFTY50 VALUE 20
59,6833,1018GS2026-GS
60,6819,1025GS2021-GS
61,6814,116GS2020-GS
62,16921,20MICRONS
63,4,21STCENMGM
64,11774,3IINFOTECH
65,474,3MINDIA
66,2595,3PLAND
67,5621,3RDROCK-IT
68,18469,509GS2022-GS
69,18976,522GS2025-GS
70,18857,579GS2030-GS
71,6872,587GS2022-GS
72,6871,597GS2025-GS
73,445,5PAISA
74,6866,601GS2028-GS
75,6868,613GS2028-GS
76,11044,617GS2021-GS
77,6870,617GS2023-GS
78,14251,618GS2024-GS
79,18973,619GS2034-GS
80,6867,63GS2023-GS
81,11871,63MOONS-BE
82,13472,645GS2029-GS
83,7194,657GS2033-GS
84,7193,662GS2051-GS
85,7205,668GS2031-GS
86,7202,679GS2027-GS
87,7195,679GS2029-GS
88,6935,683GS2039-GS
89,7161,684GS2022-GS
90,7158,697GS2026-GS
91,8074,700GS2021-GS
92,7184,706GS2046-GS
93,7035,716GS2023-GS
94,18561,716GS2050-GS
95,7208,717GS2028-GS
96,18474,719GS2060-GS
97,8027,726GS2029-GS
98,9537,727GS2026-GS
99,8274,732GS2024-GS
100,6936,735GS2024-GS
101,7214,737GS2023-GS
102,6874,74GS2035-GS
103,10046,757GS2033-GS
104,7139,759GS2026-GS
105,7130,759GS2029-GS
106,6873,75GS2034-GS
107,7142,761GS2030-GS
108,9538,762GS2039-GS
109,9907,763GS2059-GS
110,7121,768GS2023-GS
111,9888,769GS2043-GS
112,7123,772GS2025-GS
113,9604,772GS2049-GS
114,7136,772GS2055-GS
115,7127,773GS2034-GS
116,7122,788GS2030-GS
117,6998,78GS2021-GS
118,6886,794GS2021-GS
119,6835,795GS2032-GS
120,6894,808GS2022-GS
121,7027,812GS2020-GS
122,6900,813GS2022-GS
123,7124,813GS2045-GS
124,7017,815GS2022A-GS
125,7114,815GS2026-GS
126,7115,817GS2044-GS
127,6884,824GS2027-GS
128,7106,824GS2033-GS
129,6898,826GS2027-GS
130,6921,828GS2027-GS
131,6885,828GS2032-GS
132,6875,82GS2022-GS
133,7024,82GS2025-GS
134,6899,832GS2032-GS
135,7019,833GS2026-GS
136,6922,833GS2032-GS
137,6883,833GS2036-GS
138,6834,835GS2022-GS
139,6981,83GS2040-GS
140,7034,83GS2042-GS
141,7097,84GS2024-GS
142,7088,86GS2028-GS
143,6999,879GS2021-GS
144,7042,883GS2023-GS
145,7013,883GS2041-GS
146,7011,897GS2030-GS
147,7010,915GS2024-GS
148,7087,923GS2043-GS
149,7039,92GS2030-GS
150,20906,A2ZINFRA
151,2852,AAKASH-SM
152,4565,AARON-SM
153,4481,AARTIDRUGS
154,7,AARTIIND
155,19263,AARTISURF-BE
156,13775,AARVEEDEN-BE
157,19073,AARVI
158,5385,AAVAS
159,10,ABAN
160,13,ABB
161,17903,ABBOTINDIA
162,21614,ABCAPITAL
163,30108,ABFRL
164,11022,ABINFRA-SM
165,17253,ABMINTLTD-BE
166,8588,ABNINT-IT
167,13987,ABSLBANETF
168,7339,ABSLNN50ET
169,22,ACC
170,7053,ACCELYA
171,21217,ACCORD-SM
172,3639,ACCURACY-SM
173,13587,ACE
174,21286,ACEINTEG-SM
175,25,ADANIENT
176,6066,ADANIGAS
177,3563,ADANIGREEN
178,15083,ADANIPORTS
179,17388,ADANIPOWER
180,10217,ADANITRANS
181,19761,ADFFOODS
182,17511,ADHUNIKIND-BE
183,34,ADORWELD
184,8644,ADROITINFO-BE
185,14813,ADSL
186,14745,ADVANIHOTR
187,18039,ADVENZYMES
188,40,AEGISCHEM
189,11343,AFFLE
190,3389,AGARIND
191,3435,AGCNET
192,11076,AGRITECH-BE
193,9046,AGROPHOS
194,10769,AHIMSA-SM
195,4859,AHLADA-SM
196,19438,AHLEAST
197,17833,AHLUCONT
198,19366,AHLWEST
199,13086,AIAENG
200,4671,AIONJSW
201,9898,AIRAN-BE
202,21875,AIROLAM-SM
203,482,AISL-SM
204,8124,AJANTPHARM
205,17307,AJMERA
206,909,AJOONI-SM
207,13550,AKASH-BE
208,4786,AKG-SM
209,20178,AKSHARCHEM
210,8595,AKSHOPTFBR-BE
211,1467,AKZOINDIA
212,9921,ALANKIT
213,17256,ALBERTDAVD
214,14823,ALCHEM
215,79,ALEMBICLTD
216,13656,ALICON
217,16959,ALKALI
218,11703,ALKEM
219,4487,ALKYLAMINE
220,13501,ALLCARGO
221,11798,ALLSEC
222,16719,ALMONDZ
223,17675,ALOKINDS
224,14848,ALPA
225,14597,ALPHAGEO
226,7623,ALPSINDUS-BE
227,100,AMARAJABAT
228,4083,AMBANIORG-SM
229,1185,AMBER
230,15234,AMBIKCO
231,1270,AMBUJACEM
232,14398,AMDIND
233,2598,AMJLAND
234,1353,AMJUMBO-SM
235,17547,AMRUTANJAN
236,13620,ANANTRAJ
237,20423,ANDHRACEMT-BE
238,166,ANDHRAPAP
239,136,ANDHRSUGAR
240,16657,ANIKINDS
241,29434,ANKITMETAL-BE
242,8760,ANSALAPI-BE
243,13677,ANSALHSG-BE
244,9014,ANUP
245,11491,APARINDS
246,20453,APCL
247,154,APCOTEXIND
248,21623,APEX
249,25780,APLAPOLLO
250,25328,APLLTD
251,1134,APOLLO
252,157,APOLLOHOSP
253,14361,APOLLOPIPE
254,163,APOLLOTYRE
255,6302,APOLSINHOT
256,10755,APTECHT
257,16795,ARCHIDPLY
258,5688,ARCHIES
259,2519,ARCOTECH-BE
260,181,ARENTERP
261,15204,ARIES
262,13885,ARIHANT
263,20175,ARIHANTSUP-BE
264,17263,ARMANFIN
265,14557,AROGRANITE
266,9264,ARROWGREEN-BE
267,17825,ARSHIYA-BE
268,18202,ARSSINFRA
269,17969,ARTEDZ-SZ
270,16913,ARTEMISMED
271,18796,ARTNIRMAN-SM
272,1470,ARVEE-SM
273,193,ARVIND
274,9111,ARVINDFASN
275,10457,ARVSMART
276,5378,ASAHIINDIA
277,25088,ASAHISONG
278,11643,ASAL-BE
279,17598,ASALCBR
280,15001,ASCOM-SM
281,203,ASHAPURMIN
282,24403,ASHIANA
283,7895,ASHIMASYN-BE
284,20182,ASHOKA
285,212,ASHOKLEY
286,18422,ASIANHOTNR
287,236,ASIANPAINT
288,14889,ASIANTILES
289,20502,ASLIND-SM
290,17270,ASPINWALL
291,17728,ASTEC
292,1508,ASTERDM
293,14418,ASTRAL
294,11618,ASTRAMICRO
295,5610,ASTRAZEN
296,874,ASTRON
297,1663,ATFL
298,13585,ATLANTA
299,7921,ATLASCYCLE-BE
300,263,ATUL
301,30023,ATULAUTO
302,21238,AUBANK
303,18762,AURDIS-SM
304,12022,AURIONPRO
305,275,AUROPHARMA
306,4037,AUSOMENT
307,278,AUTOAXLES
308,14110,AUTOIND-BE
309,287,AUTOLITIND
310,21406,AVADHSUGAR
311,7936,AVANTIFEED
312,10428,AVENTUS-IT
313,2621,AVG-SM
314,4152,AVROIND-SM
315,18692,AVSL-SM
316,14008,AVTNPL
317,5900,AXISBANK
318,9436,AXISCADES
319,20532,AXISGOLD
320,21252,AXISNIFTY
321,10285,AYMSYNTEX
322,21756,BABAFOOD-SM
323,14075,BAGFILMS-BE
324,16669,BAJAJ-AUTO
325,19531,BAJAJCON
326,15034,BAJAJELEC
327,16675,BAJAJFINSV
328,308,BAJAJHIND
329,305,BAJAJHLDNG
330,317,BAJFINANCE
331,9158,BALAJITELE
332,14501,BALAMINES
333,11309,BALAXI
334,10185,BALKRISHNA-BE
335,335,BALKRISIND
336,15382,BALLARPUR-BE
337,338,BALMLAWRIE
338,13441,BALPHARMA
339,341,BALRAMCHIN
340,347,BANARBEADS
341,350,BANARISUG
342,13880,BANCOINDIA
343,2263,BANDHANBNK
344,15303,BANG
345,1526,BANKA-SM
346,4668,BANKBARODA
347,11439,BANKBEES
348,4745,BANKINDIA
349,14511,BANSWRAS
350,17921,BARTRONICS-BZ
351,368,BASF
352,12034,BASML
353,371,BATAINDIA
354,17927,BAYERCROP
355,13761,BBL
356,380,BBTC
357,5687,BBTCL-SM
358,8841,BCG-BE
359,1002,BCONCEPTS-SM
360,11662,BCP
361,2144,BDL
362,4294,BDR-IT
363,17937,BEARDSELL-BE
364,20196,BEDMUTHA
365,383,BEL
366,395,BEML
367,419,BEPL
368,404,BERGEPAINT
369,81,BETA-SM
370,21113,BFINVEST
371,14567,BFUTILITIE
372,15193,BGRENERGY-BE
373,13400,BHAGERIA
374,20776,BHAGYANGR
375,21332,BHAGYAPROP
376,9985,BHALCHANDR-IT
377,19556,BHANDARI
378,422,BHARATFORG
379,426,BHARATGEAR
380,3834,BHARATRAS
381,16123,BHARATWIRE
382,10604,BHARTIARTL
383,438,BHEL
384,18431,BIGBLOC
385,7848,BIL
386,21571,BILENERGY
387,471,BINDALAGRO
388,11373,BIOCON
389,7903,BIOFILCHEM-BE
390,477,BIRLACABLE
391,480,BIRLACORPN
392,15239,BIRLAMONEY
393,17586,BIRLATYRE
394,7459,BKMINDST-BE
395,8139,BLBLIMITED-BE
396,19265,BLISSGVS
397,13290,BLKASHYAP
398,17279,BLS
399,8552,BLUECOAST-BE
400,495,BLUEDART
401,8311,BLUESTARCO
402,25017,BODALCHEM
403,20340,BOHRA-SM
404,513,BOMDYEING
405,19403,BOROLTD-BE
406,3149,BORORENEW
407,2181,BOSCHLTD
408,526,BPCL
409,5163,BPL-BE
410,13069,BRFL-BE
411,15184,BRIGADE
412,3901,BRIGHT-SM
413,547,BRITANNIA
414,13508,BRITANNIA-N2
415,21683,BRNL
416,25140,BROOKS-BE
417,19585,BSE
418,9651,BSELINFRA-BE
419,2787,BSHSL-SM
420,559,BSL
421,23804,BSLGOLDETF
422,24781,BSLNIFTY
423,6994,BSOFT
424,15198,BURNPUR-BE
425,2716,BUTTERFLY
426,15077,BVCL-BE
427,7919,BYKE
428,7929,CADILAHC
429,21823,CADSYS-SM
430,8341,CALSOFT
431,6216,CAMLINFINE
432,10794,CANBK
433,8874,CANDC-BZ
434,583,CANFINHOME
435,20160,CANTABIL
436,21749,CAPACITE
437,3906,CAPLIPOINT
438,19447,CAPTRUST
439,595,CARBORUNIV
440,20086,CAREERP
441,29113,CARERATING
442,1250,CASTROLIND
443,14996,CCCL-BE
444,6403,CCHHL-BE
445,11452,CCL
446,21174,CDSL
447,15254,CEATLTD
448,20224,CEBBCO
449,13162,CELEBRITY
450,619,CENTENKA
451,11511,CENTEXT
452,14894,CENTRALBK
453,2454,CENTRUM
454,14982,CENTUM
455,13305,CENTURYPLY
456,625,CENTURYTEX
457,15039,CERA
458,30012,CEREBRAINT
459,628,CESC
460,8119,CESCVENT
461,20329,CGCL
462,760,CGPOWER
463,8546,CHALET
464,637,CHAMBLFERT
465,14618,CHEMBOND
466,2799,CHEMFAB
467,2049,CHENNPETRO
468,685,CHOLAFIN
469,21740,CHOLAHLDNG
470,27105,CHROMATIC-BE
471,5142,CIGNITITEC
472,25184,CIMMCO
473,27161,CINELINE
474,8024,CINEVISTA
475,694,CIPLA
476,18452,CKFSL-BZ
477,1587,CKPLEISURE-SM
478,20705,CKPPRODUCT-SM
479,20223,CLEDUCATE
480,715,CLNINDIA
481,19133,CMICABLES
482,96,CMMIPL-SM
483,31847,CNOVAPETRO-BE
484,20374,COALINDIA
485,21508,COCHINSHIP
486,15141,COLPAL
487,17632,COMPINFO
488,31142,COMPUSOFT-BE
489,4749,CONCOR
490,10238,CONFIPET
491,11731,CONSOFINVT
492,2531,CONTI-SM
493,17477,CONTROLPR
494,4007,CORALFINAC
495,15271,CORDSCABLE
496,739,COROMANDEL
497,742,COSMOFILMS
498,16986,COUNCODOS
499,15874,COX&KINGS-BZ
500,2328,CPSEETF
501,11155,CREATIVE
502,9388,CREATIVEYE-BE
503,4421,CREDITACC
504,13900,CREST
505,757,CRISIL
506,17094,CROMPTON
507,18596,CROWN-SM
508,14966,CSBBANK
509,14218,CTE
510,5701,CUB
511,4064,CUBEXTUB
512,1901,CUMMINSIND
513,18520,CUPID
514,6051,CYBERTECH
515,5748,CYIENT
516,13816,DAAWAT
517,772,DABUR
518,8075,DALBHARAT
519,781,DALMIASUG
520,17541,DAMODARIND
521,4559,DANGEE-SM
522,11423,DATAMATICS
523,17881,DBCORP
524,18086,DBL
525,18124,DBREALTY
526,31107,DBSTOCKBRO
527,21704,DCAL
528,13725,DCBBANK
529,16012,DCI-SM
530,805,DCM
531,8704,DCMFINSERV-BE
532,11039,DCMNVL
533,811,DCMSHRIRAM
534,817,DCW
535,14838,DECCANCE
536,827,DEEPAKFERT
537,19943,DEEPAKNTR
538,18244,DEEPIND
539,15044,DELTACORP
540,1214,DELTAMAGNT
541,17722,DEN
542,4279,DENORA
543,20494,DEVIT-SM
544,19271,DFMFOODS
545,10358,DGCONTENT-BE
546,857,DHAMPURSUG
547,11359,DHANBANK
548,24409,DHANUKA
549,842,DHFL
550,18276,DHFL-N3
551,18286,DHFL-N4
552,18288,DHFL-N5
553,18290,DHFL-N6
554,18298,DHFL-N9
555,18300,DHFL-NA
556,18302,DHFL-NB
557,18304,DHFL-NC
558,18310,DHFL-NF
559,18312,DHFL-NG
560,18314,DHFL-NH
561,18489,DHFL-NM
562,18491,DHFL-NN
563,18493,DHFL-NO
564,18495,DHFL-NP
565,3343,DHFL-NQ
566,3347,DHFL-NR
567,3353,DHFL-NS
568,3359,DHFL-NT
569,3365,DHFL-NU
570,3367,DHFL-NV
571,3369,DHFL-NW
572,3371,DHFL-NX
573,3377,DHFL-NY
574,3383,DHFL-NZ
575,3393,DHFL-Y1
576,3410,DHFL-Y2
577,22233,DHUNINV
578,21840,DIAMONDYD
579,4772,DIAPOWER-BZ
580,703,DICIND
581,16687,DIGISPICE-BE
582,13315,DIGJAMLTD-BZ
583,14537,DISHTV
584,10940,DIVISLAB
585,21690,DIXON
586,14732,DLF
587,17851,DLINKINDIA
588,19913,DMART
589,645,DNAMEDIA-BE
590,12124,DOLAT
591,20560,DOLLAR
592,13839,DONEAR
593,231,DPABHUSHAN-SM
594,15419,DPSCLTD
595,16902,DPWIRES-BE
596,24263,DQE-BE
597,11271,DREDGECORP
598,18769,DRL-SM
599,881,DRREDDY
600,6686,DRSDILIP-SM
601,3294,DSML-SM
602,25690,DSSL
603,6227,DTIL
604,28952,DUCON
605,15214,DVL
606,11667,DWARKESH
607,4525,DYNAMATECH
608,21314,DYNPRO
609,2990,E2E-SM
610,9769,EASTSILK-BE
611,3945,EASUNREYRL-BZ
612,11625,EBANK
613,16222,EBBETF0423
614,16253,EBBETF0430
615,24391,EBIXFOREX
616,15179,ECLERX
617,4268,ECLFINANCE-NE
618,4272,ECLFINANCE-NF
619,4276,ECLFINANCE-NG
620,4280,ECLFINANCE-NH
621,4284,ECLFINANCE-NI
622,4288,ECLFINANCE-NJ
623,4292,ECLFINANCE-NK
624,4296,ECLFINANCE-NL
625,7956,ECLFINANCE-NM
626,7961,ECLFINANCE-NN
627,7968,ECLFINANCE-NO
628,7970,ECLFINANCE-NP
629,7972,ECLFINANCE-NQ
630,7975,ECLFINANCE-NR
631,7986,ECLFINANCE-NS
632,15119,EDELWEISS
633,21747,EDUCOMP-BZ
634,17860,EHFLNCD-N3
635,17862,EHFLNCD-N4
636,17864,EHFLNCD-N5
637,17866,EHFLNCD-N6
638,17868,EHFLNCD-N7
639,910,EICHERMOT
640,916,EIDPARRY
641,20249,EIFFL-SM
642,15399,EIHAHOTELS
643,919,EIHOTEL
644,4040,EIMCOELECO
645,13091,EKC
646,13643,ELECON
647,928,ELECTCAST
648,18116,ELECTCAST-W1
649,4469,ELECTHERM
650,937,ELGIEQUIP
651,24928,ELGIRUBCO-BE
652,13517,EMAMILTD
653,10074,EMAMIPAP
654,19277,EMAMIREAL
655,9383,EMBASSY-RR
656,14962,EMCO-BZ
657,13421,EMKAY
658,10253,EMKAYTOOLS-SM
659,18142,EMMBI
660,18822,ENDURANCE
661,15049,ENERGYDEV
662,4907,ENGINERSIN
663,13192,ENIL
664,17174,EQ30
665,16852,EQUITAS
666,2213,ERFLNCDI-N1
667,2217,ERFLNCDI-N2
668,2219,ERFLNCDI-N3
669,2246,ERFLNCDI-N4
670,2252,ERFLNCDI-N5
671,2254,ERFLNCDI-N6
672,21154,ERIS
673,20080,EROSMEDIA
674,955,ESABINDIA
675,958,ESCORTS
676,25634,ESSARSHPNG
677,981,ESSELPACK
678,24265,ESTER
679,13317,EUROCERA-BZ
680,17466,EUROMULTI-BE
681,8886,EUROTEXIND-BE
682,11782,EVEREADY
683,993,EVERESTIND
684,17376,EXCEL
685,11471,EXCELINDUS
686,676,EXIDEIND
687,17486,EXPLEOSOL
688,1008,FACT
689,8825,FAIRCHEM
690,6198,FCL
691,30038,FCONSUMER
692,12002,FCSSOFT-BE
693,4898,FDC
694,1023,FEDERALBNK
695,10516,FEL
696,17002,FELDVR
697,573,FELIX-SM
698,13710,FIEMIND
699,24532,FILATEX
700,1038,FINCABLES
701,3744,FINEORG
702,1041,FINPIPE
703,25516,FLEXITUFF-BE
704,30752,FLFL
705,13750,FLUOROCHEM
706,1190,FMGOETZE
707,21017,FMNL
708,20468,FOCUS-SM
709,11573,FORCEMOT
710,14592,FORTIS
711,1073,FOSECOIND
712,12162,FOURTHDIM-SM
713,18378,FRETAIL
714,744,FSC
715,14304,FSL
716,1085,GABRIEL
717,8828,GAEL
718,4717,GAIL
719,20300,GAL-BE
720,1315,GALAXYSURF
721,13337,GALLANTT
722,20140,GALLISPAT
723,15393,GAMMNINFRA-BE
724,14116,GANDHITUBE
725,6944,GANECOS
726,14343,GANESHHOUC-BE
727,3955,GANGAFORGE-SM
728,21399,GANGESSECU
729,7391,GARDENSILK-BE
730,1100,GARFIBRES
731,13688,GATI
732,3699,GAYAHWS-BE
733,25027,GAYAPROJ-BE
734,10116,GBGLOBAL-BE
735,11735,GDL
736,13658,GEECEE
737,17922,GEEKAYWIRE
738,10905,GENESYS
739,6600,GENUSPAPER
740,11905,GENUSPOWER
741,11896,GEOJITFSL
742,7862,GEPIL
743,13776,GESHIP
744,16783,GET&D
745,1289,GFLLIMITED
746,11079,GFSTEELS-BE
747,1127,GHCL
748,1139,GICHSGFIN
749,18815,GICL-SM
750,277,GICRE
751,17843,GILLANDERS-BE
752,1576,GILLETTE
753,9294,GINNIFILA-BE
754,1145,GIPCL
755,9935,GIRRESORTS-IT
756,17000,GISOLUTION-BE
757,17357,GKWLIMITED
758,1153,GLAXO
759,7406,GLENMARK
760,19738,GLOBAL-SM
761,13735,GLOBALVECT
762,21112,GLOBE-SM
763,14576,GLOBOFFS-BE
764,17424,GLOBUSSPR
765,1168,GMBREW
766,5204,GMDCLTD
767,1570,GMMPFAUDLR
768,13528,GMRINFRA
769,18571,GNA
770,1174,GNFC
771,14687,GOACARBON
772,3963,GOCLCORP
773,1181,GODFRYPHLP
774,2959,GODHA-SM
775,144,GODREJAGRO
776,10099,GODREJCP
777,10925,GODREJIND
778,17875,GODREJPROP
779,5010,GOENKA-BZ
780,11778,GOKEX
781,16705,GOKUL
782,14480,GOKULAGRO
783,14428,GOLDBEES
784,1255,GOLDENTOBC
785,11971,GOLDIAM
786,14535,GOLDSHARE
787,1,GOLDSTAR-SM
788,9874,GOLDTECH
789,6125,GOODLUCK
790,13409,GPIL
791,19731,GPPL
792,17685,GPTINFRA
793,11872,GRANULES
794,592,GRAPHITE
795,1232,GRASIM
796,20534,GRAVITA
797,1235,GREAVESCOT
798,6848,GREENLAM
799,13835,GREENPANEL-BE
800,3987,GREENPLY
801,20110,GREENPOWER
802,18741,GRETEX-SM
803,13560,GRINDWELL
804,17770,GROBTEA
805,6543,GRPLTD
806,5475,GRSE
807,29850,GSCLCEMENT
808,1247,GSFC
809,13197,GSPL
810,15347,GSS
811,13745,GTLINFRA
812,8539,GTNIND-BE
813,13473,GTNTEX
814,21195,GTPL
815,11606,GUFICBIO
816,1267,GUJALKALI
817,14677,GUJAPOLLO
818,10599,GUJGASLTD
819,18875,GUJNRECOKE-W1
820,10097,GUJRAFFIA-BE
821,4391,GULFOILLUB
822,11581,GULFPETRO
823,6286,GULPOLY
824,13226,GVKPIL
825,2303,HAL
826,17052,HARITASEAT
827,1313,HARRMALAYA
828,18158,HATHWAY-BE
829,3892,HATSUN
830,9819,HAVELLS
831,8417,HAVISHA-BE
832,13966,HBLPOWER
833,4116,HBSL
834,1375,HCC
835,15555,HCG
836,5735,HCL-INSYS-BE
837,7229,HCLTECH
838,1330,HDFC
839,4244,HDFCAMC
840,1333,HDFCBANK
841,467,HDFCLIFE
842,19543,HDFCMFGETF
843,11591,HDFCNIFETF
844,11593,HDFCSENETF
845,17920,HDIL-BZ
846,15457,HECPROJECT-SM
847,1336,HEG
848,2316,HEIDELBERG
849,15288,HERCULES
850,4598,HERITGFOOD
851,1348,HEROMOTOCO
852,7048,HESTERBIO
853,27012,HEXATRADEX-BE
854,10734,HEXAWARE
855,21951,HFCL
856,1672,HGINFRA
857,14712,HGS
858,9668,HIKAL
859,1455,HIL
860,14627,HILTON
861,1360,HIMATSEIDE
862,1363,HINDALCO
863,1372,HINDCOMPOS
864,1687,HINDCON-SM
865,17939,HINDCOPPER
866,21676,HINDMOTORS
867,17050,HINDNATGLS-BE
868,1403,HINDOILEXP
869,1406,HINDPETRO
870,1394,HINDUNILVR
871,1424,HINDZINC
872,13890,HIRECT
873,19322,HISARMETAL
874,2868,HITECH
875,15161,HITECHCORP
876,4433,HITECHGEAR
877,1448,HLVLTD
878,19698,HMT-BZ
879,19211,HMVL
880,12173,HNDFDS
881,18284,HNGSNGBEES
882,3417,HONAUT
883,3138,HONDAPOWER
884,10366,HOTELRUGBY-BE
885,13592,HOVS
886,17147,HPIL-SM
887,18679,HPL
888,14334,HSCL
889,1412,HSIL
890,11979,HTMEDIA
891,14203,HUBTOWN
892,20825,HUDCO
893,31240,HUDCO-N2
894,31242,HUDCO-N3
895,29310,HUDCO-N4
896,29312,HUDCO-N5
897,29648,HUDCO-N6
898,29650,HUDCO-N7
899,19928,HUDCO-N8
900,19930,HUDCO-N9
901,19962,HUDCO-NA
902,19964,HUDCO-NB
903,19966,HUDCO-NC
904,19968,HUDCO-ND
905,19970,HUDCO-NE
906,18589,HUSYSLTD-SM
907,9937,IBMFNIFTY
908,14450,IBREALEST
909,4871,IBUCCREDIT-N1
910,4873,IBUCCREDIT-N2
911,4875,IBUCCREDIT-N3
912,4878,IBUCCREDIT-N4
913,4904,IBUCCREDIT-N5
914,4906,IBUCCREDIT-N6
915,4909,IBUCCREDIT-N7
916,4912,IBUCCREDIT-N8
917,4914,IBUCCREDIT-N9
918,4926,IBUCCREDIT-NA
919,4930,IBUCCREDIT-NB
920,4936,IBUCCREDIT-NC
921,4942,IBUCCREDIT-ND
922,30125,IBULHSGFIN
923,18618,IBULHSGFIN-N5
924,18620,IBULHSGFIN-N6
925,18622,IBULHSGFIN-N7
926,18624,IBULHSGFIN-N8
927,18626,IBULHSGFIN-N9
928,18628,IBULHSGFIN-NA
929,18630,IBULHSGFIN-NB
930,18632,IBULHSGFIN-NC
931,18634,IBULHSGFIN-ND
932,18636,IBULHSGFIN-NE
933,18638,IBULHSGFIN-NF
934,30132,IBULHSGFIN-W1
935,25003,IBULISL-BE
936,15384,IBVENTURES
937,9565,IBVENTURES-E3
938,624,ICEMAKE-SM
939,8224,ICFL-N1
940,9140,ICFL-N2
941,9143,ICFL-N3
942,9148,ICFL-N4
943,9154,ICFL-N5
944,9157,ICFL-N6
945,9161,ICFL-N7
946,9165,ICFL-N8
947,10521,ICFL-NA
948,10537,ICFL-NB
949,10539,ICFL-NC
950,10598,ICFL-ND
951,10626,ICFL-NE
952,10628,ICFL-NF
953,10630,ICFL-NG
954,10659,ICFL-NH
955,12998,ICFL-NI
956,13000,ICFL-NJ
957,13004,ICFL-NK
958,13007,ICFL-NL
959,13010,ICFL-NM
960,13012,ICFL-NN
961,13017,ICFL-NO
962,13021,ICFL-NP
963,13023,ICFL-NQ
964,10201,ICICI-M1
965,9720,ICICI0101-N9
966,9723,ICICI0101-NC
967,10611,ICICI0102-NB
968,6050,ICICI0199-NB
969,10656,ICICI0202-NC
970,10695,ICICI0302-NC
971,10063,ICICI0401-N9
972,10716,ICICI0402-NC
973,6551,ICICI0699-NA
974,10423,ICICI0701-N8
975,10472,ICICI0801-NA
976,10502,ICICI0901-NB
977,9141,ICICI1000-NB
978,5814,ICICI1098-NB
979,9426,ICICI1100-NA
980,10542,ICICI1101-NC
981,9595,ICICI1200-NA
982,10596,ICICI1201-NB
983,5946,ICICI1298-NB
984,7421,ICICI1299-NC
985,3001,ICICI500
986,522,ICICIB22
987,4963,ICICIBANK
988,11037,ICICIBANKN
989,11386,ICICIBANKP
990,21770,ICICIGI
991,19679,ICICIGOLD
992,4838,ICICILIQ
993,21254,ICICILOVOL
994,17152,ICICIM150
995,17702,ICICIMCAP
996,30392,ICICINF100
997,29553,ICICINIFTY
998,17475,ICICINV20
999,4529,ICICINXT50
1000,18652,ICICIPRULI
1001,4378,ICICISENSX
1002,11987,ICIL
1003,14523,ICRA
1004,1476,IDBI
1005,25640,IDBIGOLD
1006,14366,IDEA
1007,11957,IDFC
1008,11184,IDFCFIRSTB
1009,10780,IDFCFIRSTB-N1
1010,10790,IDFCFIRSTB-N2
1011,10929,IDFCFIRSTB-N3
1012,10799,IDFCFIRSTB-N4
1013,10802,IDFCFIRSTB-N5
1014,10805,IDFCFIRSTB-N6
1015,10808,IDFCFIRSTB-N7
1016,10811,IDFCFIRSTB-N8
1017,10814,IDFCFIRSTB-N9
1018,10817,IDFCFIRSTB-NA
1019,10908,IDFCFIRSTB-NB
1020,10914,IDFCFIRSTB-NC
1021,10917,IDFCFIRSTB-ND
1022,10920,IDFCFIRSTB-NE
1023,18783,IDFNIFTYET
1024,220,IEX
1025,1482,IFBAGRO
1026,1485,IFBIND
1027,1491,IFCI
1028,5753,IFCI-NF
1029,5755,IFCI-NG
1030,5759,IFCI-NH
1031,5761,IFCI-NI
1032,6646,IFCI-NL
1033,6652,IFCI-NM
1034,436,IFGLEXPOR
1035,634,IGARASHI
1036,11262,IGL
1037,14086,IGPL
1038,20052,IIFCL-N1
1039,20054,IIFCL-N2
1040,20056,IIFCL-N3
1041,20058,IIFCL-N4
1042,11809,IIFL
1043,18982,IIFL-N1
1044,18984,IIFL-N2
1045,18986,IIFL-N3
1046,18988,IIFL-N4
1047,19043,IIFL-N5
1048,19045,IIFL-N6
1049,19047,IIFL-N7
1050,19055,IIFL-N8
1051,19057,IIFL-N9
1052,19071,IIFL-NA
1053,19059,IIFL-NB
1054,19067,IIFL-NC
1055,19069,IIFL-ND
1056,13072,IIFLSEC
1057,13061,IIFLWAM
1058,19525,IITL
1059,9380,IL&FSENGG-BZ
1060,9381,IL&FSTRANS-BZ
1061,7678,IMAGICAA-BE
1062,19235,IMFA
1063,12009,IMPAL
1064,11684,IMPEXFERRO-BE
1065,16933,INDBANK
1066,1512,INDHOTEL
1067,1515,INDIACEM
1068,1521,INDIAGLYCO
1069,10726,INDIAMART
1070,14309,INDIANB
1071,4422,INDIANCARD
1072,1530,INDIANHUME
1073,11195,INDIGO
1074,20988,INDIGRID-IV
1075,2892,INDINFR-IV
1076,7683,INDLMETER-BE
1077,4747,INDNIPPON
1078,11677,INDOCO
1079,10993,INDORAMA
1080,10861,INDOSOLAR-BZ
1081,3088,INDOSTAR
1082,13275,INDOTECH
1083,25612,INDOTHAI-BE
1084,14956,INDOWIND-BE
1085,4751,INDRAMEDCO
1086,4870,INDSWFTLAB
1087,11605,INDSWFTLTD-BE
1088,21957,INDTERRAIN
1089,5258,INDUSINDBK
1090,19,INEOSSTYRO
1091,16249,INFIBEAM
1092,11027,INFOBEAN
1093,20072,INFRABEES
1094,29135,INFRATEL
1095,1594,INFY
1096,1597,INGERRAND
1097,666,INNOVANA-SM
1098,21861,INNOVATIVE-SM
1099,13221,INOXLEISUR
1100,7852,INOXWIND
1101,14657,INSECTICID
1102,13730,INSPIRISYS
1103,30327,INTEGRA-BE
1104,5926,INTELLECT
1105,20071,INTENTECH
1106,24870,INVENTURE
1107,9348,IOB
1108,1624,IOC
1109,20413,IOLCP
1110,1633,IPCALAB
1111,15313,IRB
1112,20817,IRBINVIT-IV
1113,4986,IRCON
1114,13611,IRCTC
1115,1374,IREDA-N1
1116,1380,IREDA-N2
1117,1383,IREDA-N3
1118,1387,IREDA-N4
1119,1391,IREDA-N5
1120,1393,IREDA-N6
1121,20030,IREDA-N7
1122,31126,IRFC-N1
1123,31128,IRFC-N2
1124,29321,IRFC-N3
1125,29323,IRFC-N4
1126,29605,IRFC-N5
1127,29607,IRFC-N6
1128,586,IRFC-N7
1129,591,IRFC-N8
1130,597,IRFC-N9
1131,603,IRFC-NA
1132,1987,IRFC-NB
1133,1991,IRFC-NC
1134,1993,IRFC-ND
1135,1999,IRFC-NE
1136,11722,IRFC-NF
1137,11730,IRFC-NG
1138,11748,IRFC-NH
1139,11751,IRFC-NI
1140,11754,IRFC-NJ
1141,11757,IRFC-NK
1142,15110,IRFC-NL
1143,15112,IRFC-NM
1144,15134,IRFC-NN
1145,15168,IRFC-NO
1146,5830,IRISDOREME-SM
1147,2489,ISEC
1148,18483,ISFT-BE
1149,14936,ISMTLTD-BE
1150,1660,ITC
1151,19299,ITDC
1152,5622,ITDCEM
1153,1675,ITI
1154,8942,IVC-BE
1155,1681,IVP
1156,18292,IVZINGOLD
1157,24217,IVZINNIFTY
1158,14174,IZMO
1159,5633,J&KBANK
1160,13211,JAGRAN
1161,4410,JAGSNPHARM
1162,11256,JAIBALAJI
1163,5143,JAICORPLTD
1164,10867,JAIHINDPRO-BZ
1165,8303,JAINSTUDIO-BE
1166,3949,JAKHARIA-SM
1167,20929,JALAN-SM
1168,20778,JAMNAAUTO
1169,13982,JASH
1170,4041,JAYAGROGN
1171,1708,JAYBARMARU
1172,8861,JAYNECOIND-BE
1173,1720,JAYSREETEA
1174,1726,JBCHEPHARM
1175,5425,JBFIND-BE
1176,11655,JBMA
1177,4491,JCHAC
1178,13420,JETAIRWAYS-BZ
1179,19170,JETFREIGHT-SM
1180,18699,JETKNIT-SM
1181,13723,JHS-BE
1182,11743,JINDALPHOT
1183,1756,JINDALPOLY
1184,3024,JINDALSAW
1185,6733,JINDALSTEL
1186,13876,JINDRILL-BE
1187,20642,JINDWORLD
1188,25688,JISLDVREQS-BE
1189,10398,JISLJALEQS-BE
1190,19695,JITFINFRA-BE
1191,11755,JIYAECO
1192,13270,JKCEMENT
1193,15266,JKIL
1194,13491,JKLAKSHMI
1195,11860,JKPAPER
1196,14435,JKTYRE
1197,7109,JMA
1198,4430,JMCPROJECT
1199,13637,JMFINANCIL
1200,14474,JMTAUTOLTD-BE
1201,29646,JNPT-N1
1202,16927,JOCIL
1203,11460,JPASSOCIAT
1204,18899,JPINFRATEC-BE
1205,31511,JPOLYINVST-BE
1206,11763,JPPOWER
1207,11236,JSL
1208,12304,JSLHISAR
1209,17869,JSWENERGY
1210,11880,JSWHL
1211,11723,JSWSTEEL
1212,3237,JTEKTINDIA
1213,3637,JUBILANT
1214,18096,JUBLFOOD
1215,21541,JUBLINDS
1216,12052,JUMPNET
1217,10939,JUNIORBEES
1218,29962,JUSTDIAL
1219,18579,JVLAGRO-BZ
1220,15146,JYOTHYLAB
1221,1805,KABRAEXTRU
1222,1808,KAJARIACER
1223,1811,KAKATCEM
1224,1814,KALPATPOWR
1225,19653,KALYANI-BE
1226,15160,KALYANIFRG-BE
1227,1826,KAMATHOTEL
1228,13461,KAMDHENU-BE
1229,25790,KANANIIND-BE
1230,1835,KANORICHEM
1231,1196,KANSAINER
1232,18967,KAPSTON
1233,2360,KARDA-BE
1234,24385,KARMAENG
1235,1838,KARURVYSYA
1236,15140,KAUSHALYA-BE
1237,10282,KAYA-BE
1238,1841,KCP
1239,4809,KCPSUGIND
1240,15012,KDDL-BE
1241,13260,KEC
1242,18220,KECL
1243,21455,KEERTI-SM
1244,13310,KEI
1245,13450,KELLTONTEC-BE
1246,11841,KENNAMET
1247,13125,KERNEX-BE
1248,1859,KESORAMIND
1249,4157,KEYFINSERV
1250,15102,KGL-BZ
1251,433,KHADIM-BE
1252,9641,KHANDSE
1253,9570,KHFM-SM
1254,21119,KICL
1255,19941,KILITCH-BE
1256,18944,KINGFA
1257,19126,KIOCL
1258,16639,KIRIINDUS
1259,14466,KIRLFER
1260,18581,KIRLOSBROS
1261,20936,KIRLOSENG
1262,19025,KIRLOSIND
1263,28899,KITEX
1264,13381,KKCL
1265,17781,KKVAPOW-SM
1266,14667,KMSUGAR
1267,15283,KNRCON
1268,17715,KOHINOOR-BZ
1269,16827,KOKUYOCMLN
1270,15124,KOLTEPATIL
1271,1919,KOPRAN
1272,1922,KOTAKBANK
1273,5851,KOTAKBKETF
1274,14858,KOTAKGOLD
1275,18102,KOTAKNIFTY
1276,11457,KOTAKNV20
1277,15061,KOTAKPSUBK
1278,11647,KOTARISUG
1279,4594,KOTHARIPET
1280,5528,KOTHARIPRO
1281,9683,KPITTECH
1282,14912,KPRMILL
1283,10577,KRBL
1284,1937,KREBSBIO
1285,11488,KRIDHANINF-BE
1286,12860,KRISHANA-BE
1287,5562,KRITIKA-SM
1288,1949,KSB
1289,14972,KSCL
1290,13667,KSERASERA-BE
1291,5341,KSHITIJPOL-SM
1292,18889,KSL
1293,19087,KSOLVES-SM
1294,8054,KTKBANK
1295,13870,KUANTUM
1296,17901,KWALITY-BE
1297,24948,L&TFH
1298,9198,L&TFINANCE-N7
1299,9200,L&TFINANCE-N8
1300,9204,L&TFINANCE-N9
1301,9206,L&TFINANCE-NA
1302,9212,L&TFINANCE-NB
1303,9214,L&TFINANCE-NC
1304,9216,L&TFINANCE-ND
1305,9227,L&TFINANCE-NE
1306,9229,L&TFINANCE-NF
1307,9231,L&TFINANCE-NG
1308,9233,L&TFINANCE-NH
1309,9235,L&TFINANCE-NI
1310,9606,L&TFINANCE-NJ
1311,9612,L&TFINANCE-NK
1312,9614,L&TFINANCE-NL
1313,9618,L&TFINANCE-NM
1314,9622,L&TFINANCE-NN
1315,9624,L&TFINANCE-NO
1316,9630,L&TFINANCE-NP
1317,9644,L&TFINANCE-NQ
1318,9650,L&TFINANCE-NR
1319,9656,L&TFINANCE-NS
1320,9662,L&TFINANCE-NT
1321,9669,L&TFINANCE-NU
1322,9674,L&TFINANCE-NV
1323,9676,L&TFINANCE-NW
1324,15438,L&TFINANCE-NX
1325,15478,L&TFINANCE-NY
1326,15562,L&TFINANCE-NZ
1327,15586,L&TFINANCE-Y1
1328,15604,L&TFINANCE-Y2
1329,15628,L&TFINANCE-Y3
1330,15641,L&TFINANCE-Y4
1331,15656,L&TFINANCE-Y5
1332,15684,L&TFINANCE-Y6
1333,15733,L&TFINANCE-Y7
1334,15763,L&TFINANCE-Y8
1335,15802,L&TFINANCE-Y9
1336,20808,L&TINFRA-N1
1337,20810,L&TINFRA-N2
1338,20812,L&TINFRA-N3
1339,20814,L&TINFRA-N4
1340,22547,L&TINFRA-N5
1341,22549,L&TINFRA-N6
1342,4696,LAGNAM-SM
1343,4774,LAKPRE-BZ
1344,1970,LAKSHVILAS
1345,11654,LALPATHLAB
1346,6407,LAMBODHARA
1347,14423,LAOPALA
1348,21723,LASA-BE
1349,3307,LATTEYS-SM
1350,19234,LAURUSLABS
1351,20236,LAXMICOT-SM
1352,1979,LAXMIMACH
1353,2606,LEMONTREE
1354,21586,LEXUS-ST
1355,7916,LFIC-BE
1356,18321,LGBBROSLTD
1357,16849,LGBFORGE-BE
1358,18475,LGHL-SM
1359,11082,LIBAS
1360,1994,LIBERTSHOE
1361,1997,LICHSGFIN
1362,6062,LICNETFGSC
1363,11319,LICNETFN50
1364,11441,LICNETFSEN
1365,15229,LICNFNHGP
1366,11596,LINCOLN
1367,6951,LINCPEN
1368,1627,LINDEINDIA
1369,11006,LIQUIDBEES
1370,1927,LIQUIDETF
1371,13436,LOKESHMACH
1372,16807,LOTUSEYE
1373,22415,LOVABLE
1374,16867,LPDC-BE
1375,17805,LSIL-BE
1376,11483,LT
1377,17818,LTI
1378,18564,LTTS
1379,2018,LUMAXIND
1380,14014,LUMAXTECH
1381,10440,LUPIN
1382,11301,LUXIND
1383,7248,LYKALABS-BE
1384,31468,LYPSAGEMS
1385,2031,M&M
1386,13285,M&MFIN
1387,20046,M&MFIN-N1
1388,20048,M&MFIN-N2
1389,20050,M&MFIN-N3
1390,21423,M100
1391,19289,M50
1392,15017,MAANALU
1393,2090,MACPOWER-SM
1394,15151,MADHAV
1395,4911,MADRASFERT
1396,21392,MAGADSUGAR
1397,11403,MAGMA
1398,9946,MAGMA-N1
1399,9948,MAGMA-N2
1400,9950,MAGMA-N3
1401,9966,MAGMA-N4
1402,9969,MAGMA-N5
1403,9975,MAGMA-N6
1404,9982,MAGMA-N7
1405,14961,MAGNUM-BE
1406,11377,MAHABANK
1407,8679,MAHAPEXLTD-BE
1408,17527,MAHASTEEL
1409,17603,MAHEPC
1410,9576,MAHESHWARI
1411,2839,MAHICKRA-SM
1412,14937,MAHINDCIE
1413,8050,MAHLIFE
1414,385,MAHLOG
1415,2085,MAHSCOOTER
1416,2088,MAHSEAMLES
1417,24538,MAITHANALL
1418,10310,MAJESCO
1419,13352,MALUPAPER
1420,6353,MAN50ETF
1421,7420,MANAKALUCO
1422,7413,MANAKCOAT
1423,15199,MANAKSIA
1424,7463,MANAKSTEEL
1425,13796,MANALIPETC
1426,19061,MANAPPURAM
1427,21697,MANAV-SM
1428,11820,MANGALAM-BE
1429,15007,MANGCHEFER
1430,2106,MANGLMCEM
1431,2109,MANGTIMBER
1432,11884,MANINDS
1433,18226,MANINFRA
1434,13575,MANUGRAPH-BE
1435,17181,MANXT50
1436,2112,MARALOVER
1437,18659,MARATHON
1438,4067,MARICO
1439,5598,MARINE-SM
1440,10579,MARKSANS
1441,4623,MARSHALL-SM
1442,10999,MARUTI
1443,199,MASFIN
1444,18731,MASKINVEST-BE
1445,2124,MASTEK
1446,21726,MATRIMONY
1447,17026,MAWANASUG-BE
1448,17468,MAXVIL
1449,28906,MAYURUNIQ
1450,18866,MAZDA
1451,12705,MBAPL-BE
1452,13687,MBECL-BE
1453,18033,MBLINFRA-BE
1454,14662,MCDHOLDING
1455,10447,MCDOWELL-N
1456,19607,MCL-SM
1457,11944,MCLEODRUSS-BE
1458,31181,MCX
1459,2132,MDL-SM
1460,14793,MEGASOFT
1461,14750,MEGH
1462,17950,MELSTAR-BZ
1463,6961,MENONBE
1464,8779,MEP-BE
1465,11879,MERCATOR-BE
1466,7883,METALFORGE-BE
1467,10996,METKORE-BZ
1468,9581,METROPOLIS
1469,2142,MFSL
1470,14799,MGEL-SM
1471,17534,MGL
1472,1426,MHHL-SM
1473,17333,MHRIL
1474,2463,MIDHANI
1475,159,MILTON-SM
1476,25897,MINDACORP
1477,14154,MINDAIND
1478,8900,MINDPOOL-SM
1479,18049,MINDTECK
1480,14356,MINDTREE
1481,6853,MIRCELECTR-BE
1482,4394,MIRZAINT
1483,31461,MITCON-SM
1484,18562,MITTAL
1485,20509,MKPL-SM
1486,13844,MMFL
1487,9267,MMNL-IT
1488,16395,MMP
1489,17957,MMTC
1490,6934,MODIRUBBER-BE
1491,29423,MOHITIND
1492,10373,MOHOTAIND-BE
1493,20830,MOIL
1494,924,MOKSH-SM
1495,17625,MOLDTECH
1496,6713,MOLDTKPAC
1497,5938,MONTECARLO
1498,28877,MORARJEE
1499,2259,MOREPENLAB
1500,4204,MOTHERSUMI
1501,14947,MOTILALOFS
1502,8793,MOTOGENFIN-BE
1503,4503,MPHASIS
1504,10578,MPSLTD
1505,21792,MPTODAY-SM
1506,2277,MRF
1507,5130,MRO-IT
1508,8998,MRO-TEK
1509,2283,MRPL
1510,11922,MSPL-BE
1511,9356,MSTCLTD
1512,31409,MTEDUCARE
1513,2294,MTNL
1514,8348,MUKANDENGG-BE
1515,11326,MUKANDLTD-BE
1516,11329,MUKANDLTD-P1
1517,8691,MUKTAARTS-BE
1518,13511,MUNJALAU
1519,2307,MUNJALSHOW
1520,2313,MURUDCERA
1521,10415,MUTHOOTCAP
1522,23650,MUTHOOTFIN
1523,22739,N100
1524,20032,NABARD-N1
1525,20034,NABARD-N2
1526,20425,NACLIND
1527,17299,NAGAFERT-BE
1528,14942,NAGREEKCAP
1529,14702,NAGREEKEXP
1530,15360,NAHARCAP
1531,13106,NAHARINDUS
1532,14445,NAHARPOLY
1533,14440,NAHARSPING
1534,357,NAM-INDIA
1535,18706,NANDANI-SM
1536,2726,NARMADA-SM
1537,3918,NATCOPHARM
1538,11065,NATHBIOGEN
1539,6364,NATIONALUM
1540,8682,NATNLSTEEL-BE
1541,13751,NAUKRI
1542,14672,NAVINFLUOR
1543,10557,NAVKARCORP
1544,2385,NAVNETEDUL
1545,31415,NBCC
1546,19111,NBIFIN
1547,4014,NBVENTURES
1548,2319,NCC
1549,14490,NCLIND
1550,18371,NDGL
1551,31258,NDL
1552,11430,NDTV-BE
1553,13522,NECCLTD
1554,11927,NECLIFE
1555,14761,NELCAST
1556,2388,NELCO
1557,9917,NEOGEN
1558,15409,NESCO
1559,17963,NESTLEIND
1560,7838,NETF
1561,2435,NETFCONSUM
1562,2636,NETFDIVOPP
1563,19084,NETFIT
1564,17700,NETFLTGILT
1565,8506,NETFMID150
1566,29577,NETFNIF100
1567,9847,NETFNV20
1568,14111,NETWORK18
1569,2406,NEULANDLAB
1570,1164,NEWGEN
1571,9864,NEXTMEDIA-BE
1572,13925,NFL
1573,11840,NH
1574,31038,NHAI-N1
1575,31040,NHAI-N2
1576,176,NHAI-N3
1577,180,NHAI-N4
1578,186,NHAI-N5
1579,192,NHAI-N6
1580,11949,NHAI-N7
1581,11952,NHAI-N8
1582,11954,NHAI-N9
1583,12003,NHAI-NA
1584,14497,NHAI-NB
1585,14499,NHAI-NC
1586,14522,NHAI-ND
1587,14529,NHAI-NE
1588,31965,NHBTF2014-N1
1589,31966,NHBTF2014-N2
1590,31967,NHBTF2014-N3
1591,31968,NHBTF2014-N4
1592,31969,NHBTF2014-N5
1593,31970,NHBTF2014-N6
1594,29616,NHBTF2023-N1
1595,1754,NHBTF2023-N2
1596,1758,NHBTF2023-N3
1597,1761,NHBTF2023-N4
1598,1763,NHBTF2023-N5
1599,1765,NHBTF2023-N6
1600,1767,NHBTF2023-N7
1601,17400,NHPC
1602,31482,NHPC-N1
1603,31483,NHPC-N2
1604,31484,NHPC-N3
1605,31485,NHPC-N4
1606,31486,NHPC-N5
1607,31487,NHPC-N6
1608,399,NIACL
1609,29737,NIBL-BE
1610,10576,NIFTYBEES
1611,9059,NIFTYEES
1612,11522,NIITLTD
1613,11543,NIITTECH
1614,9253,NILAINFRA
1615,7411,NILASPACES
1616,2421,NILKAMAL
1617,6782,NIPPOBATRY
1618,18844,NIRAJISPAT-BE
1619,13300,NITCO
1620,13320,NITINFIRE-BZ
1621,13175,NITINSPIN
1622,19817,NITIRAJ-SM
1623,9409,NKIND-BE
1624,8585,NLCINDIA
1625,15332,NMDC
1626,2442,NOCIL
1627,11214,NOIDATOLL-BE
1628,4160,NORBTEAEXP
1629,12978,NPBET
1630,20314,NRAIL
1631,7553,NRBBEARING
1632,11239,NSIL
1633,30554,NTL-BE
1634,11630,NTPC
1635,31758,NTPC-N1
1636,31760,NTPC-N2
1637,31762,NTPC-N3
1638,31764,NTPC-N4
1639,31766,NTPC-N5
1640,31768,NTPC-N6
1641,7377,NTPC-N7
1642,10737,NTPC-N8
1643,10741,NTPC-N9
1644,10744,NTPC-NA
1645,10746,NTPC-NB
1646,10749,NTPC-NC
1647,10751,NTPC-ND
1648,10791,NUCLEUS
1649,14547,NXTDIGITAL
1650,10768,OAL
1651,20242,OBEROIRLTY
1652,12231,OCCL
1653,10738,OFSS
1654,17438,OIL
1655,8109,OILCOUNTUB-BE
1656,16843,OISL-BE
1657,10637,OLECTRA
1658,10922,OMAXAUTO
1659,14853,OMAXE
1660,117,OMFURN-SM
1661,21515,OMKARCHEM-BE
1662,24235,OMMETALS-BE
1663,25492,ONELIFECAP
1664,9939,ONEPOINT
1665,2475,ONGC
1666,15278,ONMOBILE
1667,2481,ONWARDTEC
1668,29747,OPAL-SM
1669,21473,OPTIEMUS-BE
1670,11526,OPTOCIRCUI-BE
1671,31475,ORBTEXP
1672,10159,ORICONENT
1673,13111,ORIENTABRA
1674,14350,ORIENTALTL-BE
1675,14278,ORIENTBELL
1676,30089,ORIENTCEM
1677,2972,ORIENTELEC
1678,6537,ORIENTHOT-BE
1679,18211,ORIENTLTD-BE
1680,2496,ORIENTPPR
1681,31163,ORIENTREF
1682,19931,ORISSAMINE
1683,13321,ORTEL-BZ
1684,10410,ORTINLABSS-BE
1685,10435,OSEINTRUST-IV
1686,9524,OSIAHYPER-SM
1687,2514,OSWALAGRO
1688,3597,OSWALSEEDS-SM
1689,2723,PAEL
1690,14413,PAGEIND
1691,25468,PAISALO
1692,21387,PALASHSECU-BE
1693,17059,PALREDTEC-BE
1694,4055,PANACEABIO
1695,16292,PANACHE
1696,25392,PANAMAPET
1697,18776,PANSARI-SM
1698,2562,PAPERPROD
1699,10037,PAR-SM
1700,17676,PARABDRUGS-BZ
1701,13951,PARACABLES
1702,17130,PARAGMILK
1703,5460,PARIN-SM
1704,13795,PARSVNATH-BE
1705,21657,PASHUPATI-SM
1706,11699,PATELENG
1707,15219,PATINTLOG
1708,9657,PATSPINLTD-BE
1709,29124,PCJEWELLER
1710,15377,PDMJEPAPER
1711,5264,PDSMFL
1712,8188,PEARLPOLY-BE
1713,2412,PEL
1714,16905,PEL-D2
1715,20621,PENIND
1716,2256,PENINLAND
1717,2822,PENTAGOLD-SM
1718,11250,PERFECT-SM
1719,18365,PERSISTENT
1720,11351,PETRONET
1721,14299,PFC
1722,19972,PFC-N1
1723,19974,PFC-N2
1724,19976,PFC-N3
1725,19978,PFC-N4
1726,20022,PFC-N5
1727,20024,PFC-N6
1728,20026,PFC-N7
1729,20028,PFC-N8
1730,2643,PFIZER
1731,13496,PFOCUS
1732,22602,PFS
1733,25358,PGEL
1734,2535,PGHH
1735,940,PGHL
1736,14260,PGIL
1737,2649,PHILIPCARB
1738,14552,PHOENIXLTD
1739,2664,PIDILITIND
1740,2738,PIGL-SM
1741,24184,PIIND
1742,11445,PILANIINVS
1743,30838,PILITA-BE
1744,18992,PIONDIST
1745,13463,PIONEEREMB
1746,14134,PITTIENG
1747,10318,PKTEA-BE
1748,13920,PLASTIBLEN
1749,10666,PNB
1750,8736,PNBGILTS
1751,18908,PNBHOUSING
1752,9342,PNC
1753,9385,PNCINFRA
1754,20446,PODDARHOUS
1755,19036,PODDARMENT
1756,17655,POKARNA-BE
1757,9590,POLYCAB
1758,25718,POLYMED
1759,2687,POLYPLEX
1760,10661,PONNIERODE
1761,4490,POWERFUL-SM
1762,14977,POWERGRID
1763,18457,POWERINDIA
1764,10473,POWERMECH
1765,15209,PPAP
1766,10297,PPL
1767,10650,PRABHAT
1768,18357,PRADIP
1769,13941,PRAENG
1770,2705,PRAJIND
1771,2708,PRAKASH
1772,19603,PRAKASHSTL-BE
1773,1216,PRAXIS-BE
1774,12603,PRECAM
1775,2711,PRECOT
1776,2717,PRECWIRE
1777,17415,PREMEXPLN-BE
1778,6248,PREMIER-BE
1779,3908,PREMIERPOL
1780,11671,PRESSMN
1781,20302,PRESTIGE
1782,19631,PRICOLLTD
1783,11864,PRIMESECU
1784,16045,PRINCEPIPE
1785,3612,PRITI-SM
1786,19352,PROLIFE-SM
1787,28859,PROZONINTU
1788,2739,PRSMJOHNSN
1789,21001,PSB
1790,2755,PSL
1791,20877,PSPPROJECT
1792,15032,PSUBNKBEES
1793,11355,PTC
1794,14101,PTL
1795,507,PULZ-SM
1796,4344,PUNJABCHEM
1797,13396,PUNJLLOYD-BZ
1798,14922,PURVA
1799,21245,PUSHPREALM-SM
1800,13147,PVR
1801,19392,PVR-RE-BE
1802,15330,QGOLDHALF
1803,16819,QNIFTY
1804,17704,QUESS
1805,13116,QUICKHEAL
1806,11268,RADAAN-BE
1807,10990,RADICO
1808,19877,RADIOCITY
1809,15337,RAIN
1810,7401,RAJESHEXPO
1811,5374,RAJMET-SM
1812,18962,RAJRATAN
1813,8610,RAJSREESUG-BE
1814,14403,RAJTV
1815,2816,RALLIS
1816,13565,RAMANEWS
1817,10300,RAMASTEEL
1818,2043,RAMCOCEM
1819,4587,RAMCOIND
1820,7851,RAMCOSYS
1821,20134,RAMKY
1822,11694,RANASUG-BE
1823,16751,RANEENGINE
1824,2844,RANEHOLDIN
1825,13451,RATNAMANI
1826,2859,RAYMOND
1827,16745,RBL
1828,18391,RBLBANK
1829,2866,RCF
1830,13188,RCOM-BE
1831,15355,RECLTD
1832,29109,RECLTD-N1
1833,29111,RECLTD-N2
1834,29612,RECLTD-N3
1835,29614,RECLTD-N4
1836,30982,RECLTD-N5
1837,30984,RECLTD-N6
1838,30986,RECLTD-N7
1839,30988,RECLTD-N8
1840,30990,RECLTD-N9
1841,30992,RECLTD-NA
1842,2931,RECLTD-NB
1843,2933,RECLTD-NC
1844,2935,RECLTD-ND
1845,2941,RECLTD-NE
1846,2947,RECLTD-NF
1847,2953,RECLTD-NG
1848,19926,RECLTD-NH
1849,19924,RECLTD-NI
1850,14255,REDINGTON
1851,17764,REFEX
1852,24225,RELAXO
1853,4692,RELCAPITAL-BE
1854,51,RELIABLE-SM
1855,2885,RELIANCE
1856,18974,RELIANCEPP-E1
1857,15068,RELIGARE
1858,553,RELINFRA
1859,3965,REMSONSIND
1860,12026,RENUKA
1861,29598,REPCOHOME
1862,3985,REPL-SM
1863,13126,REPRO
1864,20323,RESPONIND
1865,11961,REVATHI
1866,15129,RGL
1867,21737,RHFL-BE
1868,19337,RHFL-N3
1869,19339,RHFL-N4
1870,19341,RHFL-N5
1871,19343,RHFL-N6
1872,19345,RHFL-N7
1873,19347,RHFL-N8
1874,2909,RICOAUTO
1875,2912,RIIL
1876,3761,RITES
1877,20950,RKDL
1878,21886,RKEC-SM
1879,11411,RKFORGE
1880,15097,RMCL-BE
1881,21816,RMDRIP-SM
1882,11975,RML
1883,17448,RNAVAL-BE
1884,13390,ROHITFERRO-BE
1885,13182,ROHLTD
1886,19108,ROLLT-BE
1887,5982,ROLTA-BE
1888,19410,ROSSARI
1889,28913,ROSSELLIND
1890,16725,RPGLIFE
1891,15259,RPOWER
1892,20760,RPPINFRA
1893,4744,RPPL-SM
1894,6429,RSSOFTWARE
1895,2794,RSWM
1896,13414,RSYSTEMS
1897,27301,RTNINFRA-BE
1898,17520,RTNPOWER
1899,2939,RUBYMILLS
1900,17030,RUCHI-BE
1901,8423,RUCHINFRA-BE
1902,13821,RUCHIRA
1903,25724,RUPA
1904,24595,RUSHIL
1905,9552,RVNL
1906,8733,S&SPOWER-BE
1907,18501,SABEVENTS-BE
1908,13236,SADBHAV
1909,10618,SADBHIN
1910,13035,SAFARI
1911,8175,SAGARDEEP
1912,14068,SAGCEM
1913,2963,SAIL
1914,9539,SAKAR
1915,7509,SAKHTISUG-BE
1916,11794,SAKSOFT
1917,13255,SAKUMA-BE
1918,21366,SALASAR-BE
1919,17351,SALONA
1920,11637,SALSTEEL-BE
1921,11399,SALZERELEC
1922,4127,SAMBHAAV
1923,19049,SANCO
1924,2988,SANDESH
1925,2397,SANDHAR
1926,4184,SANGAMIND
1927,2997,SANGHIIND
1928,23824,SANGHVIFOR
1929,14058,SANGHVIMOV
1930,11032,SANGINITA
1931,1442,SANOFI
1932,13325,SANWARIA-BE
1933,17758,SARDAEN
1934,4892,SAREGAMA
1935,14043,SARLAPOLY
1936,1798,SARVESHWAR-SM
1937,11983,SASKEN
1938,20063,SASTASUNDR
1939,13899,SATHAISPAT-BE
1940,11045,SATIA
1941,10453,SATIN
1942,17971,SBICARD
1943,7218,SBIETFQLTY
1944,21808,SBILIFE
1945,3045,SBIN
1946,20520,SBIN-N2
1947,22354,SBIN-N5
1948,22356,SBIN-N6
1949,27,SCAPDVR-BE
1950,1011,SCHAEFFLER
1951,20702,SCHAND-BE
1952,31234,SCHNEIDER
1953,3048,SCI
1954,1338,SDBL
1955,2616,SEAMECLTD
1956,13025,SECL-SM
1957,412,SECURCRED-SM
1958,13598,SELAN
1959,18453,SELMCL-BZ
1960,27307,SEPOWER-BE
1961,14296,SEQUENT
1962,21599,SERVOTECH-SM
1963,3066,SESHAPAPER
1964,17514,SETCO
1965,17395,SETF10GILT
1966,17272,SETFGOLD
1967,10176,SETFNIF50
1968,7361,SETFNIFBK
1969,7353,SETFNN50
1970,25418,SETUINFRA-BE
1971,10828,SEYAIND
1972,570,SEZAL-BZ
1973,19184,SFL
1974,18862,SGBAPR28I-GB
1975,18429,SGBAUG24-GB
1976,12904,SGBAUG27-GB
1977,15432,SGBDC27VII-GB
1978,623,SGBDEC25-GB
1979,795,SGBDEC2512-GB
1980,862,SGBDEC2513-GB
1981,729,SGBDEC25XI-GB
1982,7654,SGBDEC26-GB
1983,18385,SGBFEB24-GB
1984,8766,SGBFEB27-GB
1985,17664,SGBFEB28IX-GB
1986,17110,SGBJ28VIII-GB
1987,945,SGBJAN26-GB
1988,8308,SGBJAN27-GB
1989,21477,SGBJUL25-GB
1990,11154,SGBJUL27-GB
1991,10261,SGBJUN27-GB
1992,19078,SGBJUN28-GB
1993,18386,SGBMAR24-GB
1994,20467,SGBMAR25-GB
1995,18451,SGBMAR28X-GB
1996,20980,SGBMAY25-GB
1997,2891,SGBMAY26-GB
1998,18972,SGBMAY28-GB
1999,17248,SGBNOV23-GB
2000,19203,SGBNOV24-GB
2001,458,SGBNOV25-GB
2002,497,SGBNOV258-GB
2003,540,SGBNOV25IX-GB
2004,398,SGBNOV25VI-GB
2005,6355,SGBNOV26-GB
2006,250,SGBOCT25-GB
2007,304,SGBOCT25IV-GB
2008,355,SGBOCT25V-GB
2009,5960,SGBOCT26-GB
2010,13981,SGBOCT27-GB
2011,14252,SGBOCT27VI-GB
2012,18795,SGBSEP24-GB
2013,13209,SGBSEP27-GB
2014,13367,SGL
2015,11859,SHAHALLOYS-BE
2016,10683,SHAIVAL-SM
2017,25578,SHAKTIPUMP-BE
2018,714,SHALBY
2019,15342,SHALPAINTS
2020,20321,SHANKARA
2021,21434,SHANTI-SM
2022,3078,SHANTIGEAR
2023,4992,SHARDACROP
2024,10530,SHARDAMOTR
2025,17044,SHARIABEES
2026,5068,SHEMAROO
2027,15883,SHIL
2028,17752,SHILPAMED
2029,9807,SHIRPUR-G
2030,13757,SHIVAMAUTO-BE
2031,1497,SHIVAMILLS
2032,804,SHIVATEX
2033,13446,SHIVAUM-SM
2034,11212,SHK
2035,11813,SHOPERSTOP
2036,648,SHRADHA-SM
2037,3099,SHREDIGCEM
2038,3103,SHREECEM
2039,10588,SHREEPUSHK
2040,7627,SHREERAMA
2041,11149,SHRENIK
2042,3126,SHREYANIND
2043,3129,SHREYAS
2044,17190,SHRIPISTON-BE
2045,11739,SHRIRAMCIT
2046,15308,SHRIRAMEPC
2047,6451,SHUBHLAXMI-SM
2048,10192,SHYAMCENT-BE
2049,13740,SHYAMTEL
2050,16875,SICAGEN
2051,6368,SICAL
2052,3150,SIEMENS
2053,4522,SIGIND
2054,20516,SIKKO-SM
2055,11298,SIL-BE
2056,5492,SILGO-SM
2057,4105,SILINV
2058,19097,SILLYMONKS
2059,551,SILVERTUC-SM
2060,14616,SIMBHALS-BE
2061,3162,SIMPLEXINF
2062,1405,SINTERCOM-SM
2063,9301,SINTEX-BE
2064,11050,SIRCA
2065,21501,SIS
2066,14001,SITINET-BE
2067,14096,SIYSIL
2068,18883,SJVN
2069,3186,SKFINDIA
2070,15232,SKIL-BE
2071,9428,SKIPPER
2072,4732,SKMEGGPROD
2073,1123,SKSTEXTILE-SM
2074,9889,SMARTLINK
2075,3387,SMLISUZU
2076,21551,SMSLIFE
2077,14329,SMSPHARMA
2078,847,SMVD-SM
2079,4843,SNOWMAN
2080,13826,SOBHA
2081,2926,SOFTTECH-SM
2082,3672,SOLARA
2083,13332,SOLARINDS
2084,1231,SOLEX-SM
2085,3880,SOMANYCERA
2086,9104,SOMATEX-BE
2087,17794,SOMICONVEY
2088,13616,SONAHISONA-SM
2089,3486,SONAMCLOCK-SM
2090,6596,SONATSOFTW
2091,2677,SONISOYA-SM
2092,13076,SORILINFRA
2093,3021,SOTL
2094,5948,SOUTHBANK
2095,9679,SOUTHWEST-BE
2096,18252,SPAL
2097,11435,SPANDANA
2098,14788,SPARC
2099,19375,SPCENET-BE
2100,27107,SPECIALITY
2101,5060,SPECTRUM-SM
2102,8163,SPENCERS
2103,13846,SPENTEX-BE
2104,3252,SPIC
2105,11446,SPICEJET
2106,11935,SPLIL
2107,3321,SPMLINFRA
2108,21466,SPTL-BE
2109,21099,SPYL-BE
2110,31837,SREEL
2111,9102,SREIBNPNCD-N9
2112,19506,SREIBNPNCD-NI
2113,19508,SREIBNPNCD-NJ
2114,19510,SREIBNPNCD-NK
2115,19512,SREIBNPNCD-NL
2116,19546,SREIBNPNCD-NM
2117,19548,SREIBNPNCD-NN
2118,21521,SREIBNPNCD-NO
2119,21523,SREIBNPNCD-NP
2120,21525,SREIBNPNCD-NQ
2121,21527,SREIBNPNCD-NR
2122,21529,SREIBNPNCD-NS
2123,21531,SREIBNPNCD-NT
2124,21533,SREIBNPNCD-NU
2125,21535,SREIBNPNCD-NV
2126,21537,SREIBNPNCD-NW
2127,17744,SREIBNPNCD-NX
2128,17783,SREIBNPNCD-NY
2129,17785,SREIBNPNCD-NZ
2130,17910,SREIBNPNCD-Y1
2131,17912,SREIBNPNCD-Y2
2132,17787,SREIBNPNCD-Y3
2133,17815,SREIBNPNCD-Y4
2134,17914,SREIBNPNCD-Y5
2135,17817,SREIBNPNCD-Y6
2136,17828,SREIBNPNCD-Y7
2137,17830,SREIBNPNCD-Y8
2138,17832,SREIBNPNCD-Y9
2139,17892,SREIBNPNCD-YA
2140,17894,SREIBNPNCD-YB
2141,17896,SREIBNPNCD-YC
2142,3267,SREINFRA
2143,3273,SRF
2144,14582,SRHHYPOLTD
2145,14927,SRIPIPES
2146,20993,SRIRAM-SM
2147,1244,SRPL-SM
2148,19380,SRTRANS-RE-BE
2149,4306,SRTRANSFIN
2150,30972,SRTRANSFIN-Y3
2151,30975,SRTRANSFIN-Y6
2152,4326,SRTRANSFIN-Y9
2153,4334,SRTRANSFIN-YB
2154,4345,SRTRANSFIN-YG
2155,298,SRTRANSFIN-YH
2156,498,SRTRANSFIN-YI
2157,528,SRTRANSFIN-YJ
2158,696,SRTRANSFIN-YK
2159,1001,SRTRANSFIN-YL
2160,1769,SRTRANSFIN-YM
2161,1897,SRTRANSFIN-YN
2162,6140,SRTRANSFIN-YO
2163,6149,SRTRANSFIN-YP
2164,6160,SRTRANSFIN-YQ
2165,6166,SRTRANSFIN-YR
2166,6168,SRTRANSFIN-YS
2167,6170,SRTRANSFIN-YT
2168,6172,SRTRANSFIN-YU
2169,8621,SRTRANSFIN-YV
2170,8625,SRTRANSFIN-YW
2171,8627,SRTRANSFIN-YX
2172,8633,SRTRANSFIN-YY
2173,8642,SRTRANSFIN-YZ
2174,8646,SRTRANSFIN-Z1
2175,8663,SRTRANSFIN-Z2
2176,12914,SRTRANSFIN-Z3
2177,12916,SRTRANSFIN-Z4
2178,12919,SRTRANSFIN-Z5
2179,12925,SRTRANSFIN-Z6
2180,12927,SRTRANSFIN-Z7
2181,12931,SRTRANSFIN-Z8
2182,12933,SRTRANSFIN-Z9
2183,12935,SRTRANSFIN-ZA
2184,12937,SRTRANSFIN-ZB
2185,12941,SRTRANSFIN-ZC
2186,17155,SRTRANSFIN-ZD
2187,17157,SRTRANSFIN-ZE
2188,17159,SRTRANSFIN-ZF
2189,17161,SRTRANSFIN-ZG
2190,17163,SRTRANSFIN-ZH
2191,17172,SRTRANSFIN-ZI
2192,17177,SRTRANSFIN-ZJ
2193,17179,SRTRANSFIN-ZK
2194,2686,SSINFRA-SM
2195,11829,SSWL
2196,7374,STAR
2197,21091,STARCEMENT
2198,3291,STARPAPER
2199,10948,STCINDIA
2200,10406,STEELCITY
2201,21343,STEELXIND-BE
2202,21484,STEL
2203,4299,STERTOOLS
2204,8948,STINDIA-BE
2205,9309,STRTECH
2206,9666,SUBCAPCITY-BE
2207,14129,SUBEX-BE
2208,3324,SUBROS
2209,3327,SUDARSCHEM
2210,20794,SUMEETINDS-BE
2211,17105,SUMICHEM
2212,11141,SUMIT-BE
2213,21275,SUMMITSEC
2214,29008,SUNCLAYLTD
2215,18935,SUNDARAM-BE
2216,3339,SUNDARMFIN
2217,2183,SUNDARMHLD
2218,4179,SUNDRMBRAK
2219,3345,SUNDRMFAST
2220,3348,SUNFLAG
2221,3351,SUNPHARMA
2222,17641,SUNTECK
2223,13404,SUNTV
2224,20616,SUPERHOUSE
2225,8931,SUPERSPIN-BE
2226,3360,SUPPETRO
2227,11689,SUPRAJIT
2228,4617,SUPREMEENG-SM
2229,3363,SUPREMEIND
2230,13419,SUPREMEINF-BZ
2231,21081,SURANASOL-BE
2232,10700,SURANAT&P
2233,8513,SURANI-SM
2234,11853,SURYALAXMI-BE
2235,3375,SURYAROSNI
2236,13801,SUTLEJTEX
2237,3245,SUULD-SM
2238,11233,SUVEN
2239,17945,SUVENPHAR
2240,12018,SUZLON
2241,3262,SVLL-SM
2242,27095,SWANENERGY
2243,3384,SWARAJENG
2244,11909,SWELECTES
2245,12489,SWSOLAR
2246,24190,SYMPHONY
2247,18108,SYNCOM-BE
2248,10243,SYNGENE
2249,3396,TAINWALCHM
2250,9354,TAJGVK
2251,14917,TAKE
2252,13648,TALBROAUTO
2253,18454,TALWALKARS-BZ
2254,18455,TALWGYM-BZ
2255,13976,TANLA
2256,15297,TANTIACONS-BE
2257,2117,TARACHAND-SM
2258,14771,TARMAT
2259,20092,TASTYBITE
2260,16770,TATACAPHSG-N1
2261,16775,TATACAPHSG-N2
2262,16789,TATACAPHSG-N3
2263,16791,TATACAPHSG-N4
2264,16834,TATACAPHSG-N5
2265,16836,TATACAPHSG-N6
2266,16838,TATACAPHSG-N7
2267,16870,TATACAPHSG-N8
2268,16872,TATACAPHSG-N9
2269,16874,TATACAPHSG-NA
2270,16894,TATACAPHSG-NB
2271,3405,TATACHEM
2272,724,TATACOFFEE
2273,3721,TATACOMM
2274,3432,TATACONSUM
2275,3411,TATAELXSI
2276,1621,TATAINVEST
2277,3423,TATAMETALI
2278,3456,TATAMOTORS
2279,16965,TATAMTRDVR
2280,3426,TATAPOWER
2281,3499,TATASTEEL
2282,1906,TATASTEEL-E1
2283,447,TATASTLBSL
2284,1639,TATASTLLP
2285,27037,TBZ
2286,5017,TCFSL-NA
2287,5029,TCFSL-NB
2288,5031,TCFSL-NC
2289,5042,TCFSL-ND
2290,5056,TCFSL-NE
2291,5058,TCFSL-NF
2292,12944,TCFSL-NG
2293,12947,TCFSL-NH
2294,12951,TCFSL-NI
2295,12953,TCFSL-NJ
2296,12956,TCFSL-NK
2297,12958,TCFSL-NL
2298,12961,TCFSL-NM
2299,12963,TCFSL-NN
2300,10580,TCI
2301,23452,TCIDEVELOP
2302,19223,TCIEXP
2303,8722,TCIFINANCE-BE
2304,4172,TCNSBRANDS
2305,184,TCPLPACK
2306,11536,TCS
2307,25178,TDPOWERSYS
2308,12716,TEAMLEASE
2309,25194,TECHIN-BE
2310,13538,TECHM
2311,6445,TECHNOE
2312,19194,TECHNOFAB-BE
2313,21135,TEJASNET-BE
2314,4309,TEMBO-SM
2315,19292,TERASOFT
2316,11549,TEXINFRA
2317,18214,TEXMOPIPES
2318,21828,TEXRAIL
2319,3466,TFCILTD
2320,14323,TFL-BE
2321,14611,TGBHOTELS-BE
2322,18118,THANGAMAYL
2323,21427,THEINVEST
2324,28842,THEJO-SM
2325,14485,THEMISMED
2326,3475,THERMAX
2327,10064,THIRUSUGAR-BZ
2328,3481,THOMASCOOK
2329,31021,THOMASCOTT-BE
2330,17032,THYROCARE
2331,19196,TI
2332,14019,TIDEWATER
2333,14223,TIIL
2334,312,TIINDIA
2335,25482,TIJARIA
2336,3484,TIL
2337,10717,TIMESGTY
2338,14707,TIMETECHNO
2339,14198,TIMKEN
2340,3493,TINPLATE
2341,9117,TIPSINDLTD
2342,3496,TIRUMALCHM
2343,21868,TIRUPATI-SM
2344,70,TIRUPATIFL-SM
2345,3506,TITAN
2346,19209,TMRVL-BE
2347,3509,TNPETRO
2348,3980,TNPL
2349,9884,TNTELE-BE
2350,3837,TOKYOPLAST
2351,3518,TORNTPHARM
2352,13786,TORNTPOWER
2353,21447,TOTAL-SM
2354,16910,TOUCHWOOD-BE
2355,9219,TPLPLASTEH
2356,21260,TRANSWIND-SM
2357,25082,TREEHOUSE
2358,7518,TREJHARA
2359,1964,TRENT
2360,17987,TRF
2361,9685,TRIDENT
2362,5428,TRIGYN
2363,15174,TRIL
2364,25584,TRITURBINE
2365,13081,TRIVENI
2366,11369,TTKHLTCARE
2367,3546,TTKPRESTIG
2368,14314,TTL
2369,8954,TTML
2370,14208,TV18BRDCST
2371,13120,TVSELECT-BE
2372,8479,TVSMOTOR
2373,14245,TVSSRICHAK
2374,11275,TVTODAY
2375,18508,TVVISION-BE
2376,15414,TWL
2377,16713,UBL
2378,3570,UCALFUEL
2379,4212,UCL-SM
2380,11223,UCOBANK
2381,1053,UFLEX
2382,9039,UFO
2383,19578,UGARSUGAR
2384,25536,UJAAS
2385,17069,UJJIVAN
2386,15228,UJJIVANSFB
2387,11532,ULTRACEMCO
2388,11392,UMANGDAIRY-BE
2389,3579,UNICHEMLAB
2390,11293,UNIENTER
2391,1813,UNIINFO-SM
2392,10753,UNIONBANK
2393,14393,UNIPLY
2394,8893,UNITECH-BZ
2395,17213,UNITEDPOLY-SM
2396,17999,UNITEDTEA
2397,4785,UNITY-BZ
2398,18977,UNIVASTU
2399,3607,UNIVCABLES
2400,17659,UNIVPHOTO
2401,11287,UPL
2402,2322,URAVI-SM
2403,20207,URJA-BE
2404,8840,USHAMART
2405,21478,UTINEXT50
2406,10511,UTINIFTETF
2407,10515,UTISENSETF
2408,9168,UTISXN50
2409,8356,UTTAMSTL-BE
2410,13376,UTTAMSUGAR
2411,17493,UVSL-BE
2412,5945,UWCSL-SM
2413,14766,V2RETAIL
2414,24196,VADILALIND
2415,11364,VAIBHAVGBL
2416,16589,VAISHALI
2417,13342,VAKRANGEE
2418,11220,VARDHACRLC
2419,6893,VARDMNPOLY-BE
2420,3857,VARROC
2421,1274,VASA-SM
2422,18110,VASCONEQ
2423,25344,VASWANI-BE
2424,18921,VBL
2425,16478,VCL-SM
2426,3063,VEDL
2427,3757,VENKEYS
2428,13856,VENUSREM-BE
2429,2666,VERA-SM
2430,18863,VERTOZ
2431,3676,VESUVIUS
2432,8652,VETO
2433,15362,VGUARD
2434,11892,VHL
2435,14907,VICEROY-BE
2436,4576,VIDEOIND-BZ
2437,13536,VIDHIING
2438,17695,VIJIFIN-BE
2439,25756,VIKASECO
2440,9933,VIKASMCORP-BE
2441,12148,VIKASPROP
2442,3688,VIKASWSP
2443,13101,VIMTALABS
2444,17364,VINATIORGA
2445,3694,VINDHYATEL
2446,5643,VINNY-SM
2447,16821,VINYLINDIA
2448,14847,VIPCLOTHNG-BE
2449,3703,VIPIND
2450,8424,VIPULLTD
2451,4221,VISAKAIND
2452,13298,VISASTEEL-BE
2453,11808,VISHAL-BE
2454,6908,VISHNU
2455,13702,VISHWARAJ
2456,29881,VIVIDHA-BE
2457,11968,VIVIMEDLAB-BE
2458,3715,VLSFINANCE
2459,29284,VMART
2460,13577,VOLTAMP
2461,3718,VOLTAS
2462,8696,VRLLOG
2463,20973,VSCL-SM
2464,27071,VSSL-BE
2465,3724,VSTIND
2466,24292,VSTTILLERS
2467,2073,VTL
2468,20188,WABAG
2469,16915,WABCOINDIA
2470,3736,WALCHANNAG
2471,14067,WANBURY-BE
2472,3745,WATERBASE
2473,15632,WEALTH-SM
2474,14606,WEBELSOLAR-BE
2475,3748,WEIZMANIND
2476,11821,WELCORP
2477,11626,WELENT
2478,19800,WELINV
2479,11253,WELSPUNIND
2480,4235,WENDT
2481,11580,WESTLIFE
2482,21492,WEWIN-SM
2483,11164,WFL-SM
2484,3766,WHEELS
2485,18011,WHIRLPOOL
2486,3772,WILLAMAGOR
2487,24969,WINDMACHIN
2488,20491,WIPL-BE
2489,3787,WIPRO
2490,7506,WOCKPHARMA
2491,3002,WONDERLA
2492,21763,WORTH-SM
2493,14832,WSI-BE
2494,3799,WSTCSTPAPR
2495,11705,XCHANGING
2496,8478,XELPMOC-BE
2497,11410,XPROINDIA-BE
2498,11915,YESBANK
2499,3812,ZEEL
2500,16734,ZEEL-P2
2501,20852,ZEELEARN
2502,14006,ZEEMEDIA-BE
2503,4176,ZENITHEXPO
2504,1076,ZENSARTECH
2505,7508,ZENTEC
2506,13394,ZICOM-BE
2507,602,ZODIAC-SM
2508,3821,ZODIACLOTH
2509,7598,ZODJRDMKJ-BE
2510,11394,ZOTA
2511,29050,ZUARI
2512,3827,ZUARIGLOB
2513,17635,ZYDUSWELL
